-- Auto-generated heavy seed data

INSERT INTO properties (id, name, description, location, city, address, base_price, max_guests, is_active, image_url) VALUES
(9901, 'Nexus Property 9901', '{"pt": "Descri\u00e7\u00e3o fant\u00e1stica do 9901", "en": "Fantastic description for 9901"}', 'Porto', 'Porto', 'Rua Porto 9901', 843.45, 4, true, 'https://images.unsplash.com/photo-771454?q=80&w=1200'),
(9902, 'Nexus Property 9902', '{"pt": "Descri\u00e7\u00e3o fant\u00e1stica do 9902", "en": "Fantastic description for 9902"}', 'Porto', 'Porto', 'Rua Porto 9902', 636.24, 15, true, 'https://images.unsplash.com/photo-324796?q=80&w=1200'),
(9903, 'Nexus Property 9903', '{"pt": "Descri\u00e7\u00e3o fant\u00e1stica do 9903", "en": "Fantastic description for 9903"}', 'Coimbra', 'Coimbra', 'Rua Coimbra 9903', 764.36, 2, true, 'https://images.unsplash.com/photo-150790?q=80&w=1200'),
(9904, 'Nexus Property 9904', '{"pt": "Descri\u00e7\u00e3o fant\u00e1stica do 9904", "en": "Fantastic description for 9904"}', 'Sintra', 'Sintra', 'Rua Sintra 9904', 406.55, 16, true, 'https://images.unsplash.com/photo-318208?q=80&w=1200'),
(9905, 'Nexus Property 9905', '{"pt": "Descri\u00e7\u00e3o fant\u00e1stica do 9905", "en": "Fantastic description for 9905"}', 'Algarve', 'Algarve', 'Rua Algarve 9905', 752.81, 10, true, 'https://images.unsplash.com/photo-953751?q=80&w=1200'),
(9906, 'Nexus Property 9906', '{"pt": "Descri\u00e7\u00e3o fant\u00e1stica do 9906", "en": "Fantastic description for 9906"}', 'Sintra', 'Sintra', 'Rua Sintra 9906', 58.29, 2, true, 'https://images.unsplash.com/photo-936448?q=80&w=1200'),
(9907, 'Nexus Property 9907', '{"pt": "Descri\u00e7\u00e3o fant\u00e1stica do 9907", "en": "Fantastic description for 9907"}', 'Coimbra', 'Coimbra', 'Rua Coimbra 9907', 556.29, 7, true, 'https://images.unsplash.com/photo-592747?q=80&w=1200'),
(9908, 'Nexus Property 9908', '{"pt": "Descri\u00e7\u00e3o fant\u00e1stica do 9908", "en": "Fantastic description for 9908"}', 'Porto', 'Porto', 'Rua Porto 9908', 624.35, 15, true, 'https://images.unsplash.com/photo-440197?q=80&w=1200'),
(9909, 'Nexus Property 9909', '{"pt": "Descri\u00e7\u00e3o fant\u00e1stica do 9909", "en": "Fantastic description for 9909"}', 'Coimbra', 'Coimbra', 'Rua Coimbra 9909', 629.52, 13, true, 'https://images.unsplash.com/photo-316669?q=80&w=1200'),
(9910, 'Nexus Property 9910', '{"pt": "Descri\u00e7\u00e3o fant\u00e1stica do 9910", "en": "Fantastic description for 9910"}', 'Lisboa', 'Lisboa', 'Rua Lisboa 9910', 124.29, 8, true, 'https://images.unsplash.com/photo-191401?q=80&w=1200'),
(9911, 'Nexus Property 9911', '{"pt": "Descri\u00e7\u00e3o fant\u00e1stica do 9911", "en": "Fantastic description for 9911"}', 'Coimbra', 'Coimbra', 'Rua Coimbra 9911', 336.34, 15, true, 'https://images.unsplash.com/photo-193978?q=80&w=1200'),
(9912, 'Nexus Property 9912', '{"pt": "Descri\u00e7\u00e3o fant\u00e1stica do 9912", "en": "Fantastic description for 9912"}', 'Porto', 'Porto', 'Rua Porto 9912', 851.88, 10, true, 'https://images.unsplash.com/photo-207021?q=80&w=1200'),
(9913, 'Nexus Property 9913', '{"pt": "Descri\u00e7\u00e3o fant\u00e1stica do 9913", "en": "Fantastic description for 9913"}', 'Sintra', 'Sintra', 'Rua Sintra 9913', 977.79, 9, true, 'https://images.unsplash.com/photo-171548?q=80&w=1200'),
(9914, 'Nexus Property 9914', '{"pt": "Descri\u00e7\u00e3o fant\u00e1stica do 9914", "en": "Fantastic description for 9914"}', 'Porto', 'Porto', 'Rua Porto 9914', 97.82, 3, true, 'https://images.unsplash.com/photo-493461?q=80&w=1200'),
(9915, 'Nexus Property 9915', '{"pt": "Descri\u00e7\u00e3o fant\u00e1stica do 9915", "en": "Fantastic description for 9915"}', 'Cascais', 'Cascais', 'Rua Cascais 9915', 555.46, 11, true, 'https://images.unsplash.com/photo-902576?q=80&w=1200'),
(9916, 'Nexus Property 9916', '{"pt": "Descri\u00e7\u00e3o fant\u00e1stica do 9916", "en": "Fantastic description for 9916"}', 'Porto', 'Porto', 'Rua Porto 9916', 889.42, 14, true, 'https://images.unsplash.com/photo-156834?q=80&w=1200'),
(9917, 'Nexus Property 9917', '{"pt": "Descri\u00e7\u00e3o fant\u00e1stica do 9917", "en": "Fantastic description for 9917"}', 'Algarve', 'Algarve', 'Rua Algarve 9917', 94.59, 12, true, 'https://images.unsplash.com/photo-838981?q=80&w=1200'),
(9918, 'Nexus Property 9918', '{"pt": "Descri\u00e7\u00e3o fant\u00e1stica do 9918", "en": "Fantastic description for 9918"}', 'Porto', 'Porto', 'Rua Porto 9918', 561.04, 7, true, 'https://images.unsplash.com/photo-258885?q=80&w=1200'),
(9919, 'Nexus Property 9919', '{"pt": "Descri\u00e7\u00e3o fant\u00e1stica do 9919", "en": "Fantastic description for 9919"}', 'Algarve', 'Algarve', 'Rua Algarve 9919', 334.17, 10, true, 'https://images.unsplash.com/photo-360187?q=80&w=1200'),
(9920, 'Nexus Property 9920', '{"pt": "Descri\u00e7\u00e3o fant\u00e1stica do 9920", "en": "Fantastic description for 9920"}', 'Cascais', 'Cascais', 'Rua Cascais 9920', 66.02, 3, true, 'https://images.unsplash.com/photo-191337?q=80&w=1200'),
(9921, 'Nexus Property 9921', '{"pt": "Descri\u00e7\u00e3o fant\u00e1stica do 9921", "en": "Fantastic description for 9921"}', 'Lisboa', 'Lisboa', 'Rua Lisboa 9921', 300.6, 15, true, 'https://images.unsplash.com/photo-450235?q=80&w=1200'),
(9922, 'Nexus Property 9922', '{"pt": "Descri\u00e7\u00e3o fant\u00e1stica do 9922", "en": "Fantastic description for 9922"}', 'Sintra', 'Sintra', 'Rua Sintra 9922', 372.85, 15, true, 'https://images.unsplash.com/photo-159681?q=80&w=1200'),
(9923, 'Nexus Property 9923', '{"pt": "Descri\u00e7\u00e3o fant\u00e1stica do 9923", "en": "Fantastic description for 9923"}', 'Sintra', 'Sintra', 'Rua Sintra 9923', 758.69, 15, true, 'https://images.unsplash.com/photo-779936?q=80&w=1200'),
(9924, 'Nexus Property 9924', '{"pt": "Descri\u00e7\u00e3o fant\u00e1stica do 9924", "en": "Fantastic description for 9924"}', 'Algarve', 'Algarve', 'Rua Algarve 9924', 527.83, 10, true, 'https://images.unsplash.com/photo-217431?q=80&w=1200'),
(9925, 'Nexus Property 9925', '{"pt": "Descri\u00e7\u00e3o fant\u00e1stica do 9925", "en": "Fantastic description for 9925"}', 'Cascais', 'Cascais', 'Rua Cascais 9925', 199.8, 12, true, 'https://images.unsplash.com/photo-338704?q=80&w=1200'),
(9926, 'Nexus Property 9926', '{"pt": "Descri\u00e7\u00e3o fant\u00e1stica do 9926", "en": "Fantastic description for 9926"}', 'Cascais', 'Cascais', 'Rua Cascais 9926', 327.89, 9, true, 'https://images.unsplash.com/photo-232769?q=80&w=1200'),
(9927, 'Nexus Property 9927', '{"pt": "Descri\u00e7\u00e3o fant\u00e1stica do 9927", "en": "Fantastic description for 9927"}', 'Porto', 'Porto', 'Rua Porto 9927', 411.39, 10, true, 'https://images.unsplash.com/photo-485950?q=80&w=1200'),
(9928, 'Nexus Property 9928', '{"pt": "Descri\u00e7\u00e3o fant\u00e1stica do 9928", "en": "Fantastic description for 9928"}', 'Gerês', 'Gerês', 'Rua Gerês 9928', 732.67, 15, true, 'https://images.unsplash.com/photo-482031?q=80&w=1200'),
(9929, 'Nexus Property 9929', '{"pt": "Descri\u00e7\u00e3o fant\u00e1stica do 9929", "en": "Fantastic description for 9929"}', 'Algarve', 'Algarve', 'Rua Algarve 9929', 94.38, 7, true, 'https://images.unsplash.com/photo-984315?q=80&w=1200'),
(9930, 'Nexus Property 9930', '{"pt": "Descri\u00e7\u00e3o fant\u00e1stica do 9930", "en": "Fantastic description for 9930"}', 'Coimbra', 'Coimbra', 'Rua Coimbra 9930', 96.94, 15, true, 'https://images.unsplash.com/photo-989092?q=80&w=1200'),
(9931, 'Nexus Property 9931', '{"pt": "Descri\u00e7\u00e3o fant\u00e1stica do 9931", "en": "Fantastic description for 9931"}', 'Coimbra', 'Coimbra', 'Rua Coimbra 9931', 193.81, 7, true, 'https://images.unsplash.com/photo-489408?q=80&w=1200'),
(9932, 'Nexus Property 9932', '{"pt": "Descri\u00e7\u00e3o fant\u00e1stica do 9932", "en": "Fantastic description for 9932"}', 'Algarve', 'Algarve', 'Rua Algarve 9932', 679.27, 7, true, 'https://images.unsplash.com/photo-650913?q=80&w=1200'),
(9933, 'Nexus Property 9933', '{"pt": "Descri\u00e7\u00e3o fant\u00e1stica do 9933", "en": "Fantastic description for 9933"}', 'Gerês', 'Gerês', 'Rua Gerês 9933', 180.06, 3, true, 'https://images.unsplash.com/photo-209668?q=80&w=1200'),
(9934, 'Nexus Property 9934', '{"pt": "Descri\u00e7\u00e3o fant\u00e1stica do 9934", "en": "Fantastic description for 9934"}', 'Porto', 'Porto', 'Rua Porto 9934', 197.16, 14, true, 'https://images.unsplash.com/photo-571556?q=80&w=1200'),
(9935, 'Nexus Property 9935', '{"pt": "Descri\u00e7\u00e3o fant\u00e1stica do 9935", "en": "Fantastic description for 9935"}', 'Algarve', 'Algarve', 'Rua Algarve 9935', 593.78, 7, true, 'https://images.unsplash.com/photo-625154?q=80&w=1200'),
(9936, 'Nexus Property 9936', '{"pt": "Descri\u00e7\u00e3o fant\u00e1stica do 9936", "en": "Fantastic description for 9936"}', 'Cascais', 'Cascais', 'Rua Cascais 9936', 817.07, 9, true, 'https://images.unsplash.com/photo-299508?q=80&w=1200'),
(9937, 'Nexus Property 9937', '{"pt": "Descri\u00e7\u00e3o fant\u00e1stica do 9937", "en": "Fantastic description for 9937"}', 'Gerês', 'Gerês', 'Rua Gerês 9937', 446.91, 11, true, 'https://images.unsplash.com/photo-509558?q=80&w=1200'),
(9938, 'Nexus Property 9938', '{"pt": "Descri\u00e7\u00e3o fant\u00e1stica do 9938", "en": "Fantastic description for 9938"}', 'Gerês', 'Gerês', 'Rua Gerês 9938', 563.12, 7, true, 'https://images.unsplash.com/photo-122654?q=80&w=1200'),
(9939, 'Nexus Property 9939', '{"pt": "Descri\u00e7\u00e3o fant\u00e1stica do 9939", "en": "Fantastic description for 9939"}', 'Lisboa', 'Lisboa', 'Rua Lisboa 9939', 846.94, 11, true, 'https://images.unsplash.com/photo-927236?q=80&w=1200'),
(9940, 'Nexus Property 9940', '{"pt": "Descri\u00e7\u00e3o fant\u00e1stica do 9940", "en": "Fantastic description for 9940"}', 'Porto', 'Porto', 'Rua Porto 9940', 384.43, 14, true, 'https://images.unsplash.com/photo-360188?q=80&w=1200'),
(9941, 'Nexus Property 9941', '{"pt": "Descri\u00e7\u00e3o fant\u00e1stica do 9941", "en": "Fantastic description for 9941"}', 'Lisboa', 'Lisboa', 'Rua Lisboa 9941', 208.46, 6, true, 'https://images.unsplash.com/photo-488739?q=80&w=1200'),
(9942, 'Nexus Property 9942', '{"pt": "Descri\u00e7\u00e3o fant\u00e1stica do 9942", "en": "Fantastic description for 9942"}', 'Lisboa', 'Lisboa', 'Rua Lisboa 9942', 837.45, 6, true, 'https://images.unsplash.com/photo-824850?q=80&w=1200'),
(9943, 'Nexus Property 9943', '{"pt": "Descri\u00e7\u00e3o fant\u00e1stica do 9943", "en": "Fantastic description for 9943"}', 'Coimbra', 'Coimbra', 'Rua Coimbra 9943', 653.3, 2, true, 'https://images.unsplash.com/photo-116888?q=80&w=1200'),
(9944, 'Nexus Property 9944', '{"pt": "Descri\u00e7\u00e3o fant\u00e1stica do 9944", "en": "Fantastic description for 9944"}', 'Porto', 'Porto', 'Rua Porto 9944', 553.69, 14, true, 'https://images.unsplash.com/photo-201418?q=80&w=1200'),
(9945, 'Nexus Property 9945', '{"pt": "Descri\u00e7\u00e3o fant\u00e1stica do 9945", "en": "Fantastic description for 9945"}', 'Porto', 'Porto', 'Rua Porto 9945', 748.55, 12, true, 'https://images.unsplash.com/photo-770721?q=80&w=1200'),
(9946, 'Nexus Property 9946', '{"pt": "Descri\u00e7\u00e3o fant\u00e1stica do 9946", "en": "Fantastic description for 9946"}', 'Lisboa', 'Lisboa', 'Rua Lisboa 9946', 224.91, 15, true, 'https://images.unsplash.com/photo-221622?q=80&w=1200'),
(9947, 'Nexus Property 9947', '{"pt": "Descri\u00e7\u00e3o fant\u00e1stica do 9947", "en": "Fantastic description for 9947"}', 'Cascais', 'Cascais', 'Rua Cascais 9947', 716.01, 16, true, 'https://images.unsplash.com/photo-814878?q=80&w=1200'),
(9948, 'Nexus Property 9948', '{"pt": "Descri\u00e7\u00e3o fant\u00e1stica do 9948", "en": "Fantastic description for 9948"}', 'Gerês', 'Gerês', 'Rua Gerês 9948', 671.61, 14, true, 'https://images.unsplash.com/photo-162459?q=80&w=1200'),
(9949, 'Nexus Property 9949', '{"pt": "Descri\u00e7\u00e3o fant\u00e1stica do 9949", "en": "Fantastic description for 9949"}', 'Cascais', 'Cascais', 'Rua Cascais 9949', 980.16, 7, true, 'https://images.unsplash.com/photo-665307?q=80&w=1200'),
(9950, 'Nexus Property 9950', '{"pt": "Descri\u00e7\u00e3o fant\u00e1stica do 9950", "en": "Fantastic description for 9950"}', 'Algarve', 'Algarve', 'Rua Algarve 9950', 671.98, 2, true, 'https://images.unsplash.com/photo-575664?q=80&w=1200'),
(9951, 'Nexus Property 9951', '{"pt": "Descri\u00e7\u00e3o fant\u00e1stica do 9951", "en": "Fantastic description for 9951"}', 'Porto', 'Porto', 'Rua Porto 9951', 984.23, 14, true, 'https://images.unsplash.com/photo-986918?q=80&w=1200'),
(9952, 'Nexus Property 9952', '{"pt": "Descri\u00e7\u00e3o fant\u00e1stica do 9952", "en": "Fantastic description for 9952"}', 'Coimbra', 'Coimbra', 'Rua Coimbra 9952', 893.73, 3, true, 'https://images.unsplash.com/photo-380682?q=80&w=1200'),
(9953, 'Nexus Property 9953', '{"pt": "Descri\u00e7\u00e3o fant\u00e1stica do 9953", "en": "Fantastic description for 9953"}', 'Gerês', 'Gerês', 'Rua Gerês 9953', 139.85, 4, true, 'https://images.unsplash.com/photo-254836?q=80&w=1200'),
(9954, 'Nexus Property 9954', '{"pt": "Descri\u00e7\u00e3o fant\u00e1stica do 9954", "en": "Fantastic description for 9954"}', 'Gerês', 'Gerês', 'Rua Gerês 9954', 744.26, 7, true, 'https://images.unsplash.com/photo-780295?q=80&w=1200'),
(9955, 'Nexus Property 9955', '{"pt": "Descri\u00e7\u00e3o fant\u00e1stica do 9955", "en": "Fantastic description for 9955"}', 'Gerês', 'Gerês', 'Rua Gerês 9955', 857.86, 14, true, 'https://images.unsplash.com/photo-919316?q=80&w=1200'),
(9956, 'Nexus Property 9956', '{"pt": "Descri\u00e7\u00e3o fant\u00e1stica do 9956", "en": "Fantastic description for 9956"}', 'Algarve', 'Algarve', 'Rua Algarve 9956', 994.92, 14, true, 'https://images.unsplash.com/photo-352278?q=80&w=1200'),
(9957, 'Nexus Property 9957', '{"pt": "Descri\u00e7\u00e3o fant\u00e1stica do 9957", "en": "Fantastic description for 9957"}', 'Algarve', 'Algarve', 'Rua Algarve 9957', 735.15, 7, true, 'https://images.unsplash.com/photo-461779?q=80&w=1200'),
(9958, 'Nexus Property 9958', '{"pt": "Descri\u00e7\u00e3o fant\u00e1stica do 9958", "en": "Fantastic description for 9958"}', 'Lisboa', 'Lisboa', 'Rua Lisboa 9958', 54.2, 16, true, 'https://images.unsplash.com/photo-764738?q=80&w=1200'),
(9959, 'Nexus Property 9959', '{"pt": "Descri\u00e7\u00e3o fant\u00e1stica do 9959", "en": "Fantastic description for 9959"}', 'Porto', 'Porto', 'Rua Porto 9959', 80.06, 9, true, 'https://images.unsplash.com/photo-597463?q=80&w=1200'),
(9960, 'Nexus Property 9960', '{"pt": "Descri\u00e7\u00e3o fant\u00e1stica do 9960", "en": "Fantastic description for 9960"}', 'Lisboa', 'Lisboa', 'Rua Lisboa 9960', 974.08, 7, true, 'https://images.unsplash.com/photo-324441?q=80&w=1200'),
(9961, 'Nexus Property 9961', '{"pt": "Descri\u00e7\u00e3o fant\u00e1stica do 9961", "en": "Fantastic description for 9961"}', 'Lisboa', 'Lisboa', 'Rua Lisboa 9961', 568.38, 13, true, 'https://images.unsplash.com/photo-995041?q=80&w=1200'),
(9962, 'Nexus Property 9962', '{"pt": "Descri\u00e7\u00e3o fant\u00e1stica do 9962", "en": "Fantastic description for 9962"}', 'Sintra', 'Sintra', 'Rua Sintra 9962', 203.95, 16, true, 'https://images.unsplash.com/photo-918455?q=80&w=1200'),
(9963, 'Nexus Property 9963', '{"pt": "Descri\u00e7\u00e3o fant\u00e1stica do 9963", "en": "Fantastic description for 9963"}', 'Coimbra', 'Coimbra', 'Rua Coimbra 9963', 985.4, 14, true, 'https://images.unsplash.com/photo-522697?q=80&w=1200'),
(9964, 'Nexus Property 9964', '{"pt": "Descri\u00e7\u00e3o fant\u00e1stica do 9964", "en": "Fantastic description for 9964"}', 'Lisboa', 'Lisboa', 'Rua Lisboa 9964', 308.92, 7, true, 'https://images.unsplash.com/photo-163184?q=80&w=1200'),
(9965, 'Nexus Property 9965', '{"pt": "Descri\u00e7\u00e3o fant\u00e1stica do 9965", "en": "Fantastic description for 9965"}', 'Gerês', 'Gerês', 'Rua Gerês 9965', 542.63, 7, true, 'https://images.unsplash.com/photo-200144?q=80&w=1200'),
(9966, 'Nexus Property 9966', '{"pt": "Descri\u00e7\u00e3o fant\u00e1stica do 9966", "en": "Fantastic description for 9966"}', 'Gerês', 'Gerês', 'Rua Gerês 9966', 656.06, 2, true, 'https://images.unsplash.com/photo-263493?q=80&w=1200'),
(9967, 'Nexus Property 9967', '{"pt": "Descri\u00e7\u00e3o fant\u00e1stica do 9967", "en": "Fantastic description for 9967"}', 'Algarve', 'Algarve', 'Rua Algarve 9967', 809.23, 7, true, 'https://images.unsplash.com/photo-431576?q=80&w=1200'),
(9968, 'Nexus Property 9968', '{"pt": "Descri\u00e7\u00e3o fant\u00e1stica do 9968", "en": "Fantastic description for 9968"}', 'Algarve', 'Algarve', 'Rua Algarve 9968', 312.71, 10, true, 'https://images.unsplash.com/photo-739189?q=80&w=1200'),
(9969, 'Nexus Property 9969', '{"pt": "Descri\u00e7\u00e3o fant\u00e1stica do 9969", "en": "Fantastic description for 9969"}', 'Coimbra', 'Coimbra', 'Rua Coimbra 9969', 966.69, 5, true, 'https://images.unsplash.com/photo-754019?q=80&w=1200'),
(9970, 'Nexus Property 9970', '{"pt": "Descri\u00e7\u00e3o fant\u00e1stica do 9970", "en": "Fantastic description for 9970"}', 'Sintra', 'Sintra', 'Rua Sintra 9970', 611.23, 11, true, 'https://images.unsplash.com/photo-281477?q=80&w=1200'),
(9971, 'Nexus Property 9971', '{"pt": "Descri\u00e7\u00e3o fant\u00e1stica do 9971", "en": "Fantastic description for 9971"}', 'Algarve', 'Algarve', 'Rua Algarve 9971', 495.16, 9, true, 'https://images.unsplash.com/photo-782535?q=80&w=1200'),
(9972, 'Nexus Property 9972', '{"pt": "Descri\u00e7\u00e3o fant\u00e1stica do 9972", "en": "Fantastic description for 9972"}', 'Coimbra', 'Coimbra', 'Rua Coimbra 9972', 772.22, 11, true, 'https://images.unsplash.com/photo-677951?q=80&w=1200'),
(9973, 'Nexus Property 9973', '{"pt": "Descri\u00e7\u00e3o fant\u00e1stica do 9973", "en": "Fantastic description for 9973"}', 'Coimbra', 'Coimbra', 'Rua Coimbra 9973', 664.18, 6, true, 'https://images.unsplash.com/photo-609527?q=80&w=1200'),
(9974, 'Nexus Property 9974', '{"pt": "Descri\u00e7\u00e3o fant\u00e1stica do 9974", "en": "Fantastic description for 9974"}', 'Coimbra', 'Coimbra', 'Rua Coimbra 9974', 676.31, 2, true, 'https://images.unsplash.com/photo-813523?q=80&w=1200'),
(9975, 'Nexus Property 9975', '{"pt": "Descri\u00e7\u00e3o fant\u00e1stica do 9975", "en": "Fantastic description for 9975"}', 'Lisboa', 'Lisboa', 'Rua Lisboa 9975', 709.17, 12, true, 'https://images.unsplash.com/photo-218706?q=80&w=1200'),
(9976, 'Nexus Property 9976', '{"pt": "Descri\u00e7\u00e3o fant\u00e1stica do 9976", "en": "Fantastic description for 9976"}', 'Lisboa', 'Lisboa', 'Rua Lisboa 9976', 935.02, 8, true, 'https://images.unsplash.com/photo-577130?q=80&w=1200'),
(9977, 'Nexus Property 9977', '{"pt": "Descri\u00e7\u00e3o fant\u00e1stica do 9977", "en": "Fantastic description for 9977"}', 'Porto', 'Porto', 'Rua Porto 9977', 128.24, 14, true, 'https://images.unsplash.com/photo-784027?q=80&w=1200'),
(9978, 'Nexus Property 9978', '{"pt": "Descri\u00e7\u00e3o fant\u00e1stica do 9978", "en": "Fantastic description for 9978"}', 'Porto', 'Porto', 'Rua Porto 9978', 580.2, 14, true, 'https://images.unsplash.com/photo-762811?q=80&w=1200'),
(9979, 'Nexus Property 9979', '{"pt": "Descri\u00e7\u00e3o fant\u00e1stica do 9979", "en": "Fantastic description for 9979"}', 'Algarve', 'Algarve', 'Rua Algarve 9979', 97.3, 13, true, 'https://images.unsplash.com/photo-444500?q=80&w=1200'),
(9980, 'Nexus Property 9980', '{"pt": "Descri\u00e7\u00e3o fant\u00e1stica do 9980", "en": "Fantastic description for 9980"}', 'Sintra', 'Sintra', 'Rua Sintra 9980', 773.2, 15, true, 'https://images.unsplash.com/photo-555892?q=80&w=1200'),
(9981, 'Nexus Property 9981', '{"pt": "Descri\u00e7\u00e3o fant\u00e1stica do 9981", "en": "Fantastic description for 9981"}', 'Porto', 'Porto', 'Rua Porto 9981', 304.43, 12, true, 'https://images.unsplash.com/photo-701075?q=80&w=1200'),
(9982, 'Nexus Property 9982', '{"pt": "Descri\u00e7\u00e3o fant\u00e1stica do 9982", "en": "Fantastic description for 9982"}', 'Gerês', 'Gerês', 'Rua Gerês 9982', 862.35, 2, true, 'https://images.unsplash.com/photo-958516?q=80&w=1200'),
(9983, 'Nexus Property 9983', '{"pt": "Descri\u00e7\u00e3o fant\u00e1stica do 9983", "en": "Fantastic description for 9983"}', 'Lisboa', 'Lisboa', 'Rua Lisboa 9983', 212.41, 13, true, 'https://images.unsplash.com/photo-262413?q=80&w=1200'),
(9984, 'Nexus Property 9984', '{"pt": "Descri\u00e7\u00e3o fant\u00e1stica do 9984", "en": "Fantastic description for 9984"}', 'Gerês', 'Gerês', 'Rua Gerês 9984', 913.76, 3, true, 'https://images.unsplash.com/photo-310581?q=80&w=1200'),
(9985, 'Nexus Property 9985', '{"pt": "Descri\u00e7\u00e3o fant\u00e1stica do 9985", "en": "Fantastic description for 9985"}', 'Cascais', 'Cascais', 'Rua Cascais 9985', 801.03, 13, true, 'https://images.unsplash.com/photo-160263?q=80&w=1200'),
(9986, 'Nexus Property 9986', '{"pt": "Descri\u00e7\u00e3o fant\u00e1stica do 9986", "en": "Fantastic description for 9986"}', 'Algarve', 'Algarve', 'Rua Algarve 9986', 800.82, 2, true, 'https://images.unsplash.com/photo-880511?q=80&w=1200'),
(9987, 'Nexus Property 9987', '{"pt": "Descri\u00e7\u00e3o fant\u00e1stica do 9987", "en": "Fantastic description for 9987"}', 'Algarve', 'Algarve', 'Rua Algarve 9987', 652.12, 9, true, 'https://images.unsplash.com/photo-407106?q=80&w=1200'),
(9988, 'Nexus Property 9988', '{"pt": "Descri\u00e7\u00e3o fant\u00e1stica do 9988", "en": "Fantastic description for 9988"}', 'Lisboa', 'Lisboa', 'Rua Lisboa 9988', 814.85, 10, true, 'https://images.unsplash.com/photo-893094?q=80&w=1200'),
(9989, 'Nexus Property 9989', '{"pt": "Descri\u00e7\u00e3o fant\u00e1stica do 9989", "en": "Fantastic description for 9989"}', 'Lisboa', 'Lisboa', 'Rua Lisboa 9989', 338.13, 15, true, 'https://images.unsplash.com/photo-693644?q=80&w=1200'),
(9990, 'Nexus Property 9990', '{"pt": "Descri\u00e7\u00e3o fant\u00e1stica do 9990", "en": "Fantastic description for 9990"}', 'Lisboa', 'Lisboa', 'Rua Lisboa 9990', 256.92, 8, true, 'https://images.unsplash.com/photo-788173?q=80&w=1200'),
(9991, 'Nexus Property 9991', '{"pt": "Descri\u00e7\u00e3o fant\u00e1stica do 9991", "en": "Fantastic description for 9991"}', 'Lisboa', 'Lisboa', 'Rua Lisboa 9991', 89.28, 14, true, 'https://images.unsplash.com/photo-640366?q=80&w=1200'),
(9992, 'Nexus Property 9992', '{"pt": "Descri\u00e7\u00e3o fant\u00e1stica do 9992", "en": "Fantastic description for 9992"}', 'Gerês', 'Gerês', 'Rua Gerês 9992', 489.48, 5, true, 'https://images.unsplash.com/photo-113165?q=80&w=1200'),
(9993, 'Nexus Property 9993', '{"pt": "Descri\u00e7\u00e3o fant\u00e1stica do 9993", "en": "Fantastic description for 9993"}', 'Algarve', 'Algarve', 'Rua Algarve 9993', 497.47, 16, true, 'https://images.unsplash.com/photo-922286?q=80&w=1200'),
(9994, 'Nexus Property 9994', '{"pt": "Descri\u00e7\u00e3o fant\u00e1stica do 9994", "en": "Fantastic description for 9994"}', 'Coimbra', 'Coimbra', 'Rua Coimbra 9994', 378.57, 15, true, 'https://images.unsplash.com/photo-823123?q=80&w=1200'),
(9995, 'Nexus Property 9995', '{"pt": "Descri\u00e7\u00e3o fant\u00e1stica do 9995", "en": "Fantastic description for 9995"}', 'Algarve', 'Algarve', 'Rua Algarve 9995', 75.73, 11, true, 'https://images.unsplash.com/photo-114009?q=80&w=1200'),
(9996, 'Nexus Property 9996', '{"pt": "Descri\u00e7\u00e3o fant\u00e1stica do 9996", "en": "Fantastic description for 9996"}', 'Algarve', 'Algarve', 'Rua Algarve 9996', 872.09, 13, true, 'https://images.unsplash.com/photo-549159?q=80&w=1200'),
(9997, 'Nexus Property 9997', '{"pt": "Descri\u00e7\u00e3o fant\u00e1stica do 9997", "en": "Fantastic description for 9997"}', 'Algarve', 'Algarve', 'Rua Algarve 9997', 606.38, 15, true, 'https://images.unsplash.com/photo-228774?q=80&w=1200'),
(9998, 'Nexus Property 9998', '{"pt": "Descri\u00e7\u00e3o fant\u00e1stica do 9998", "en": "Fantastic description for 9998"}', 'Sintra', 'Sintra', 'Rua Sintra 9998', 993.01, 9, true, 'https://images.unsplash.com/photo-389798?q=80&w=1200'),
(9999, 'Nexus Property 9999', '{"pt": "Descri\u00e7\u00e3o fant\u00e1stica do 9999", "en": "Fantastic description for 9999"}', 'Coimbra', 'Coimbra', 'Rua Coimbra 9999', 950.13, 15, true, 'https://images.unsplash.com/photo-377697?q=80&w=1200'),
(10000, 'Nexus Property 10000', '{"pt": "Descri\u00e7\u00e3o fant\u00e1stica do 10000", "en": "Fantastic description for 10000"}', 'Lisboa', 'Lisboa', 'Rua Lisboa 10000', 259.31, 9, true, 'https://images.unsplash.com/photo-305213?q=80&w=1200')
ON CONFLICT (id) DO NOTHING;

INSERT INTO property_permissions (id, property_id, user_id, access_level) VALUES
(100000, 9901, 999, 'PRIMARY_OWNER'),
(100001, 9901, 1042, 'ADMIN'),
(100002, 9902, 999, 'PRIMARY_OWNER'),
(100003, 9903, 999, 'PRIMARY_OWNER'),
(100004, 9904, 999, 'PRIMARY_OWNER'),
(100005, 9905, 999, 'PRIMARY_OWNER'),
(100006, 9905, 1036, 'ADMIN'),
(100007, 9906, 999, 'PRIMARY_OWNER'),
(100008, 9906, 1006, 'ADMIN'),
(100009, 9907, 999, 'PRIMARY_OWNER'),
(100010, 9908, 999, 'PRIMARY_OWNER'),
(100011, 9909, 999, 'PRIMARY_OWNER'),
(100012, 9909, 1016, 'ADMIN'),
(100013, 9910, 999, 'PRIMARY_OWNER'),
(100014, 9911, 1012, 'PRIMARY_OWNER'),
(100015, 9912, 1031, 'PRIMARY_OWNER'),
(100016, 9912, 1016, 'ADMIN'),
(100017, 9913, 1043, 'PRIMARY_OWNER'),
(100018, 9913, 1028, 'ADMIN'),
(100019, 9914, 1020, 'PRIMARY_OWNER'),
(100020, 9914, 1034, 'ADMIN'),
(100021, 9915, 1040, 'PRIMARY_OWNER'),
(100022, 9915, 1010, 'ADMIN'),
(100023, 9916, 1007, 'PRIMARY_OWNER'),
(100024, 9917, 1028, 'PRIMARY_OWNER'),
(100025, 9917, 1000, 'ADMIN'),
(100026, 9918, 1012, 'PRIMARY_OWNER'),
(100027, 9919, 1032, 'PRIMARY_OWNER'),
(100028, 9919, 1045, 'ADMIN'),
(100029, 9920, 1046, 'PRIMARY_OWNER'),
(100030, 9920, 1031, 'ADMIN'),
(100031, 9921, 1037, 'PRIMARY_OWNER'),
(100032, 9922, 1031, 'PRIMARY_OWNER'),
(100033, 9922, 1006, 'ADMIN'),
(100034, 9923, 1037, 'PRIMARY_OWNER'),
(100035, 9923, 1020, 'ADMIN'),
(100036, 9924, 1004, 'PRIMARY_OWNER'),
(100037, 9924, 1035, 'ADMIN'),
(100038, 9925, 1036, 'PRIMARY_OWNER'),
(100039, 9926, 1045, 'PRIMARY_OWNER'),
(100040, 9927, 1026, 'PRIMARY_OWNER'),
(100041, 9927, 1008, 'ADMIN'),
(100042, 9928, 1018, 'PRIMARY_OWNER'),
(100043, 9929, 1049, 'PRIMARY_OWNER'),
(100044, 9930, 1004, 'PRIMARY_OWNER'),
(100045, 9930, 1023, 'ADMIN'),
(100046, 9931, 1037, 'PRIMARY_OWNER'),
(100047, 9931, 1027, 'ADMIN'),
(100048, 9932, 1018, 'PRIMARY_OWNER'),
(100049, 9932, 1016, 'ADMIN'),
(100050, 9933, 1022, 'PRIMARY_OWNER'),
(100051, 9934, 1044, 'PRIMARY_OWNER'),
(100052, 9935, 1025, 'PRIMARY_OWNER'),
(100053, 9936, 1005, 'PRIMARY_OWNER'),
(100054, 9937, 1019, 'PRIMARY_OWNER'),
(100055, 9937, 1031, 'ADMIN'),
(100056, 9938, 1044, 'PRIMARY_OWNER'),
(100057, 9938, 1007, 'ADMIN'),
(100058, 9939, 1029, 'PRIMARY_OWNER'),
(100059, 9940, 1044, 'PRIMARY_OWNER'),
(100060, 9941, 1012, 'PRIMARY_OWNER'),
(100061, 9941, 1005, 'ADMIN'),
(100062, 9942, 1024, 'PRIMARY_OWNER'),
(100063, 9942, 1008, 'ADMIN'),
(100064, 9943, 1018, 'PRIMARY_OWNER'),
(100065, 9944, 1002, 'PRIMARY_OWNER'),
(100066, 9944, 1016, 'ADMIN'),
(100067, 9945, 1009, 'PRIMARY_OWNER'),
(100068, 9945, 1038, 'ADMIN'),
(100069, 9946, 1001, 'PRIMARY_OWNER'),
(100070, 9947, 1018, 'PRIMARY_OWNER'),
(100071, 9948, 1010, 'PRIMARY_OWNER'),
(100072, 9948, 1040, 'ADMIN'),
(100073, 9949, 1037, 'PRIMARY_OWNER'),
(100074, 9950, 1025, 'PRIMARY_OWNER'),
(100075, 9951, 1008, 'PRIMARY_OWNER'),
(100076, 9952, 1010, 'PRIMARY_OWNER'),
(100077, 9953, 1021, 'PRIMARY_OWNER'),
(100078, 9953, 1013, 'ADMIN'),
(100079, 9954, 1040, 'PRIMARY_OWNER'),
(100080, 9954, 1020, 'ADMIN'),
(100081, 9955, 1046, 'PRIMARY_OWNER'),
(100082, 9955, 1043, 'ADMIN'),
(100083, 9956, 1009, 'PRIMARY_OWNER'),
(100084, 9957, 1001, 'PRIMARY_OWNER'),
(100085, 9957, 1008, 'ADMIN'),
(100086, 9958, 1025, 'PRIMARY_OWNER'),
(100087, 9958, 1002, 'ADMIN'),
(100088, 9959, 1029, 'PRIMARY_OWNER'),
(100089, 9959, 1007, 'ADMIN'),
(100090, 9960, 1011, 'PRIMARY_OWNER'),
(100091, 9961, 1007, 'PRIMARY_OWNER'),
(100092, 9961, 1013, 'ADMIN'),
(100093, 9962, 1019, 'PRIMARY_OWNER'),
(100094, 9963, 1033, 'PRIMARY_OWNER'),
(100095, 9963, 1003, 'ADMIN'),
(100096, 9964, 1044, 'PRIMARY_OWNER'),
(100097, 9964, 1005, 'ADMIN'),
(100098, 9965, 1027, 'PRIMARY_OWNER'),
(100099, 9965, 1004, 'ADMIN'),
(100100, 9966, 1019, 'PRIMARY_OWNER'),
(100101, 9967, 1018, 'PRIMARY_OWNER'),
(100102, 9967, 1029, 'ADMIN'),
(100103, 9968, 1005, 'PRIMARY_OWNER'),
(100104, 9968, 1016, 'ADMIN'),
(100105, 9969, 1028, 'PRIMARY_OWNER'),
(100106, 9969, 1020, 'ADMIN'),
(100107, 9970, 1028, 'PRIMARY_OWNER'),
(100108, 9970, 1033, 'ADMIN'),
(100109, 9971, 1006, 'PRIMARY_OWNER'),
(100110, 9972, 1031, 'PRIMARY_OWNER'),
(100111, 9972, 1013, 'ADMIN'),
(100112, 9973, 1043, 'PRIMARY_OWNER'),
(100113, 9974, 1047, 'PRIMARY_OWNER'),
(100114, 9974, 1009, 'ADMIN'),
(100115, 9975, 1025, 'PRIMARY_OWNER'),
(100116, 9975, 1024, 'ADMIN'),
(100117, 9976, 1024, 'PRIMARY_OWNER'),
(100118, 9977, 1001, 'PRIMARY_OWNER'),
(100119, 9977, 1048, 'ADMIN'),
(100120, 9978, 1016, 'PRIMARY_OWNER'),
(100121, 9979, 1011, 'PRIMARY_OWNER'),
(100122, 9980, 1016, 'PRIMARY_OWNER'),
(100123, 9980, 1002, 'ADMIN'),
(100124, 9981, 1013, 'PRIMARY_OWNER'),
(100125, 9981, 1010, 'ADMIN'),
(100126, 9982, 1031, 'PRIMARY_OWNER'),
(100127, 9982, 1030, 'ADMIN'),
(100128, 9983, 1011, 'PRIMARY_OWNER'),
(100129, 9983, 1015, 'ADMIN'),
(100130, 9984, 1031, 'PRIMARY_OWNER'),
(100131, 9984, 1006, 'ADMIN'),
(100132, 9985, 1045, 'PRIMARY_OWNER'),
(100133, 9985, 1046, 'ADMIN'),
(100134, 9986, 1045, 'PRIMARY_OWNER'),
(100135, 9986, 1011, 'ADMIN'),
(100136, 9987, 1004, 'PRIMARY_OWNER'),
(100137, 9987, 1035, 'ADMIN'),
(100138, 9988, 1005, 'PRIMARY_OWNER'),
(100139, 9989, 1003, 'PRIMARY_OWNER'),
(100140, 9989, 1040, 'ADMIN'),
(100141, 9990, 1041, 'PRIMARY_OWNER'),
(100142, 9990, 1036, 'ADMIN'),
(100143, 9991, 1049, 'PRIMARY_OWNER'),
(100144, 9992, 1001, 'PRIMARY_OWNER'),
(100145, 9993, 1012, 'PRIMARY_OWNER'),
(100146, 9994, 1038, 'PRIMARY_OWNER'),
(100147, 9994, 1049, 'ADMIN'),
(100148, 9995, 1018, 'PRIMARY_OWNER'),
(100149, 9995, 1043, 'ADMIN'),
(100150, 9996, 1027, 'PRIMARY_OWNER'),
(100151, 9996, 1044, 'ADMIN'),
(100152, 9997, 1016, 'PRIMARY_OWNER'),
(100153, 9998, 1023, 'PRIMARY_OWNER'),
(100154, 9998, 1010, 'ADMIN'),
(100155, 9999, 1038, 'PRIMARY_OWNER'),
(100156, 9999, 1018, 'ADMIN'),
(100157, 10000, 1011, 'PRIMARY_OWNER')
ON CONFLICT (id) DO NOTHING;

INSERT INTO property_amenities (property_id, amenity_id)
SELECT p.id, a.id FROM properties p, amenities a WHERE random() < 0.1 AND p.id >= 9901 
ON CONFLICT DO NOTHING;

INSERT INTO seasonality_rules (id, property_id, start_date, end_date, price_modifier, day_of_week, channel) VALUES
(100000, 9901, '2026-06-01', '2026-09-30', 50.00, NULL, NULL),
(100001, 9902, '2026-06-01', '2026-09-30', 50.00, NULL, NULL),
(100002, 9903, '2026-06-01', '2026-09-30', 50.00, NULL, NULL),
(100003, 9905, '2026-06-01', '2026-09-30', 50.00, NULL, NULL),
(100004, 9909, '2026-06-01', '2026-09-30', 50.00, NULL, NULL),
(100005, 9912, '2026-06-01', '2026-09-30', 50.00, NULL, NULL),
(100006, 9913, '2026-06-01', '2026-09-30', 50.00, NULL, NULL),
(100007, 9916, '2026-06-01', '2026-09-30', 50.00, NULL, NULL),
(100008, 9917, '2026-06-01', '2026-09-30', 50.00, NULL, NULL),
(100009, 9918, '2026-06-01', '2026-09-30', 50.00, NULL, NULL),
(100010, 9920, '2026-06-01', '2026-09-30', 50.00, NULL, NULL),
(100011, 9921, '2026-06-01', '2026-09-30', 50.00, NULL, NULL),
(100012, 9924, '2026-06-01', '2026-09-30', 50.00, NULL, NULL),
(100013, 9925, '2026-06-01', '2026-09-30', 50.00, NULL, NULL),
(100014, 9928, '2026-06-01', '2026-09-30', 50.00, NULL, NULL),
(100015, 9932, '2026-06-01', '2026-09-30', 50.00, NULL, NULL),
(100016, 9933, '2026-06-01', '2026-09-30', 50.00, NULL, NULL),
(100017, 9934, '2026-06-01', '2026-09-30', 50.00, NULL, NULL),
(100018, 9935, '2026-06-01', '2026-09-30', 50.00, NULL, NULL),
(100019, 9937, '2026-06-01', '2026-09-30', 50.00, NULL, NULL),
(100020, 9938, '2026-06-01', '2026-09-30', 50.00, NULL, NULL),
(100021, 9940, '2026-06-01', '2026-09-30', 50.00, NULL, NULL),
(100022, 9941, '2026-06-01', '2026-09-30', 50.00, NULL, NULL),
(100023, 9942, '2026-06-01', '2026-09-30', 50.00, NULL, NULL),
(100024, 9943, '2026-06-01', '2026-09-30', 50.00, NULL, NULL),
(100025, 9948, '2026-06-01', '2026-09-30', 50.00, NULL, NULL),
(100026, 9949, '2026-06-01', '2026-09-30', 50.00, NULL, NULL),
(100027, 9950, '2026-06-01', '2026-09-30', 50.00, NULL, NULL),
(100028, 9955, '2026-06-01', '2026-09-30', 50.00, NULL, NULL),
(100029, 9956, '2026-06-01', '2026-09-30', 50.00, NULL, NULL),
(100030, 9958, '2026-06-01', '2026-09-30', 50.00, NULL, NULL),
(100031, 9959, '2026-06-01', '2026-09-30', 50.00, NULL, NULL),
(100032, 9961, '2026-06-01', '2026-09-30', 50.00, NULL, NULL),
(100033, 9962, '2026-06-01', '2026-09-30', 50.00, NULL, NULL),
(100034, 9964, '2026-06-01', '2026-09-30', 50.00, NULL, NULL),
(100035, 9966, '2026-06-01', '2026-09-30', 50.00, NULL, NULL),
(100036, 9967, '2026-06-01', '2026-09-30', 50.00, NULL, NULL),
(100037, 9969, '2026-06-01', '2026-09-30', 50.00, NULL, NULL),
(100038, 9971, '2026-06-01', '2026-09-30', 50.00, NULL, NULL),
(100039, 9976, '2026-06-01', '2026-09-30', 50.00, NULL, NULL),
(100040, 9978, '2026-06-01', '2026-09-30', 50.00, NULL, NULL),
(100041, 9979, '2026-06-01', '2026-09-30', 50.00, NULL, NULL),
(100042, 9980, '2026-06-01', '2026-09-30', 50.00, NULL, NULL),
(100043, 9981, '2026-06-01', '2026-09-30', 50.00, NULL, NULL),
(100044, 9982, '2026-06-01', '2026-09-30', 50.00, NULL, NULL),
(100045, 9985, '2026-06-01', '2026-09-30', 50.00, NULL, NULL),
(100046, 9988, '2026-06-01', '2026-09-30', 50.00, NULL, NULL),
(100047, 9989, '2026-06-01', '2026-09-30', 50.00, NULL, NULL),
(100048, 9990, '2026-06-01', '2026-09-30', 50.00, NULL, NULL),
(100049, 9991, '2026-06-01', '2026-09-30', 50.00, NULL, NULL),
(100050, 9992, '2026-06-01', '2026-09-30', 50.00, NULL, NULL),
(100051, 9994, '2026-06-01', '2026-09-30', 50.00, NULL, NULL),
(100052, 9996, '2026-06-01', '2026-09-30', 50.00, NULL, NULL),
(100053, 9999, '2026-06-01', '2026-09-30', 50.00, NULL, NULL)
ON CONFLICT (id) DO NOTHING;

DO $$ BEGIN
  IF EXISTS (SELECT 1 FROM pg_class WHERE relname = 'properties') THEN
    PERFORM setval(pg_get_serial_sequence('properties', 'id'), 20000);
  END IF;
  IF EXISTS (SELECT 1 FROM pg_class WHERE relname = 'property_permissions') THEN
    PERFORM setval(pg_get_serial_sequence('property_permissions', 'id'), 200000);
  END IF;
  IF EXISTS (SELECT 1 FROM pg_class WHERE relname = 'seasonality_rules') THEN
    PERFORM setval(pg_get_serial_sequence('seasonality_rules', 'id'), 200000);
  END IF;
END $$;
